id,time,title
351760,2024-09-08T17:21:00.000+0900,龍角寺古墳群・岩屋古墳
338258,2024-09-08T17:21:00.000+0900,コスプレの館
337070,2024-09-08T17:21:00.000+0900,千葉県立房総のむら
337103,2024-09-08T16:24:00.000+0900,印西市立木下交流の杜歴史資料センター
338269,2024-09-08T15:59:00.000+0900,大六天展望エリア
337056,2024-09-08T15:21:00.000+0900,白井そろばん博物館
337120,2024-09-08T13:31:00.000+0900,白井総合公園
337112,2024-09-08T11:38:00.000+0900,道の駅 やちよ
337080,2024-09-08T10:48:00.000+0900,ふなばしアンデルセン公園
337089,2024-09-08T09:59:00.000+0900,鎌ケ谷大仏
337075,2024-09-08T09:24:00.000+0900,貝柄山公園
338253,2024-09-08T09:01:00.000+0900,市川市動植物園
337058,2024-09-07T18:11:00.000+0900,道の駅　しょうなん
337063,2024-09-07T17:53:00.000+0900,手賀沼公園
337094,2024-09-07T17:45:00.000+0900,天神坂
337138,2024-09-07T17:39:00.000+0900,我孫子市杉村楚人冠記念館
337518,2024-09-07T17:34:00.000+0900,我孫子インフォメーションセンター（アビシルベ）
337109,2024-09-07T17:03:00.000+0900,あけぼの山農業公園
338248,2024-09-07T16:45:00.000+0900,旧吉田家住宅歴史公園
338282,2024-09-07T16:03:00.000+0900,こうのとりの里
337517,2024-09-07T14:19:00.000+0900,千葉県立関宿城博物館
338270,2024-09-07T13:33:00.000+0900,関根名人記念館
337123,2024-09-07T12:43:00.000+0900,清水公園
337134,2024-09-07T11:22:00.000+0900,流山万華鏡ギャラリー＆ミュージアム
337121,2024-09-07T11:15:00.000+0900,一茶双樹記念館
337128,2024-09-07T11:11:00.000+0900,赤城神社
341162,2024-09-07T10:30:00.000+0900,戸定が丘歴史公園（戸定邸・戸定歴史館）
